seqlen_q,seqlen_k,Torch(ms),CUDA(ms),Triton(ms)
64.000000,128.000000,3.004416,0.034816,0.036864
64.000000,256.000000,3.191936,0.035840,0.048128
64.000000,512.000000,3.138720,0.048128,0.069632
64.000000,1024.000000,3.643392,0.071792,0.111616
128.000000,128.000000,3.364512,0.037888,0.054272
256.000000,256.000000,3.076240,0.060416,0.143360
512.000000,512.000000,5.074944,0.125952,0.418976
1024.000000,1024.000000,8.160880,0.263168,1.441792
