seqlen_q,seqlen_k,CUDA(ms),Triton(ms),Triton_v2(ms)
64.000000,128.000000,0.032768,0.043008,0.026624
64.000000,256.000000,0.035840,0.048128,0.035264
64.000000,512.000000,0.048128,0.069632,0.052224
64.000000,1024.000000,0.072704,0.112640,0.087040
128.000000,128.000000,0.036976,0.053248,0.036864
256.000000,256.000000,0.059392,0.143360,0.082944
512.000000,512.000000,0.125952,0.421888,0.262336
1024.000000,1024.000000,0.264192,1.450496,1.012736
