seqlen,CUDA(ms),Triton(ms)
64.000000,0.009200,0.655872
128.000000,0.010240,0.689344
256.000000,0.014336,0.612352
512.000000,0.021504,0.621568
1024.000000,0.034624,0.728064
2048.000000,0.060416,0.668672
4096.000000,0.148480,0.791552
