seqlen,CUDA(ms),Triton(ms)
64.000000,0.009216,0.006144
128.000000,0.011264,0.008192
256.000000,0.014496,0.010240
512.000000,0.022528,0.015360
1024.000000,0.033792,0.030720
2048.000000,0.061440,0.065536
4096.000000,0.149504,0.240640
8192.000000,0.431296,0.920576
