batch_size,seq_len,topk,Torch(ms),CUDA v1(ms),CUDA v2(ms),CUDA v3(ms),Triton(ms),Triton v2(ms)
1.000000,2048.000000,32.000000,0.225280,0.890880,0.018432,0.008192,0.008192,0.008192
4.000000,2048.000000,32.000000,0.276480,1.014272,0.048128,0.009216,0.009216,0.009216
16.000000,2048.000000,64.000000,0.239616,1.377280,0.063680,0.016384,0.017408,0.015440
64.000000,2048.000000,64.000000,0.323584,2.227200,0.076800,0.046080,0.049152,0.040960
256.000000,4096.000000,96.000000,0.579584,5.230528,0.275456,0.159744,0.168960,0.147456
256.000000,8192.000000,96.000000,0.595968,5.182464,0.289792,0.172032,0.175104,0.153600
