batch_size,seq_len,topk,Torch(ms),CUDA v1(ms),CUDA v2(ms),CUDA v3(ms),Triton(ms),Triton v2(ms)
1.000000,2048.000000,32.000000,0.181760,0.890880,0.018432,0.008192,0.008192,0.008192
4.000000,2048.000000,32.000000,0.261120,1.009664,0.048128,0.010240,0.010240,0.010240
16.000000,2048.000000,64.000000,0.247344,1.376256,0.064512,0.016384,0.017408,0.016256
64.000000,2048.000000,64.000000,0.315904,2.214400,0.076800,0.046080,0.049152,0.041728
256.000000,4096.000000,96.000000,0.572416,5.253120,0.275456,0.159744,0.169984,0.148480
256.000000,8192.000000,96.000000,0.629760,5.928960,0.288768,0.172944,0.175104,0.154464
