batch_size,seq_len,topk,Torch(ms),CUDA v1(ms),CUDA v2(ms),CUDA v3(ms),Triton(ms),Triton v2(ms),Triton v3(ms)
1.000000,2048.000000,32.000000,0.198656,0.896000,0.018432,0.008192,0.008192,0.008192,0.008192
4.000000,2048.000000,32.000000,0.236480,1.014784,0.048176,0.009312,0.010240,0.010240,0.008192
16.000000,2048.000000,64.000000,0.237568,1.385472,0.064512,0.016384,0.017504,0.016384,0.013312
64.000000,2048.000000,64.000000,0.292864,2.194944,0.076800,0.044992,0.050176,0.041984,0.035840
256.000000,4096.000000,96.000000,0.547392,5.244928,0.276480,0.159744,0.169984,0.149504,0.113744
256.000000,8192.000000,96.000000,0.550912,5.221376,0.288768,0.173056,0.176128,0.155648,0.116736
