seqlen_q,seqlen_k,Torch(ms),CUDA(ms),Triton(ms)
64.000000,128.000000,3.488096,0.034816,0.034816
64.000000,256.000000,2.870272,0.035840,0.048320
64.000000,512.000000,3.493088,0.048128,0.071680
64.000000,1024.000000,3.156528,0.073728,0.116736
128.000000,128.000000,3.134656,0.037056,0.054272
256.000000,256.000000,3.189840,0.060352,0.145408
512.000000,512.000000,3.462144,0.125952,0.437248
1024.000000,1024.000000,5.206016,0.262368,1.518176
