batch_size,seq_len,topk,Torch(ms),CUDA v1(ms),CUDA v2(ms),CUDA v3(ms),Triton(ms),Triton v2(ms)
1.000000,2048.000000,32.000000,0.306176,1.191936,0.023552,0.009216,0.009216,0.009216
4.000000,2048.000000,32.000000,0.238592,1.008640,0.048128,0.010160,0.010240,0.010112
16.000000,2048.000000,64.000000,0.266240,1.354752,0.063488,0.016384,0.017408,0.016384
64.000000,2048.000000,64.000000,0.308256,2.216960,0.076800,0.046976,0.049152,0.041936
256.000000,4096.000000,96.000000,0.593408,5.747712,0.275408,0.159744,0.169984,0.147456
256.000000,8192.000000,96.000000,0.613536,5.186560,0.290816,0.173056,0.176128,0.154752
