seqlen,CUDA(ms),Triton(ms)
64.000000,0.009216,0.007360
128.000000,0.010240,0.007392
256.000000,0.015456,0.009216
512.000000,0.022528,0.011264
1024.000000,0.035808,0.017408
2048.000000,0.061440,0.041984
4096.000000,0.149504,0.134336
8192.000000,0.433152,0.544656
